Workbook

Sheet 대시보드
A1: SP-2100 / TL-2200 · PEEL FORCE EVALUATION DASHBOARD
A3: 박리력 비교 그래프 (Force-Time) | 체크된 샘플만 표시됩니다.
A5: ━━━━ 제품
A31: 샘플 선택 | 체크된 샘플만 위 그래프에 표시됩니다.
A32: 선택 | B32: # | C32: 제품명 | D32: AVG (g) | E32: SP (g) | F32: KP (g) | G32: VAL (g) | H32: RMS (g) | I32: 속도 (in/min) | J32: 지연 (s) | K32: 평균시간 (s)
A33: ☑ | B33: 1-1 | C33: 제품 | D33: 17.38 | E33: 9.6 | F33: 188 | G33: -1.6 | H33: 41.7 | I33: 90 | J33: 1 | K33: 5
A35: ※ 표의 첫 번째 열(선택)의 체크박스(☑ / ☐)를 변경하면 차트에 해당 곡선이 실시간으로 켜지거나 숨겨집니다.

Sheet Raw Data
A1: 제품명 | B1: 제품
A2: 평균값 (AVG) | B2: 17.38 g
A3: 초기값 (SP) | B3: 9.6 g
A4: 피크값 (KP) | B4: 188.0 g
A5: 종료값 (VAL) | B5: -1.6 g
A6: 변동치 (RMS) | B6: 41.7 g
A7: 시험 속도 | B7: 90 in/min
A8: 초기 지연 | B8: 1 s
A9: 평균 시간 | B9: 5 s
A10: 총 샘플 수 | B10: 4800
A11: 시간 (s) | B11: 힘 (g)
A12: 0 | B12: -6.62
A13: 0.0013 | B13: -6.84
A14: 0.0025 | B14: -6.69
A15: 0.0038 | B15: -6.62
A16: 0.005 | B16: -6.99
A17: 0.0063 | B17: -6.84
A18: 0.0075 | B18: -7.28
A19: 0.0088 | B19: -6.77
A20: 0.01 | B20: -6.84
A21: 0.0113 | B21: -6.69
A22: 0.0125 | B22: -6.4
A23: 0.0138 | B23: -6.77
... A4811: 6 | B4811: -6.55

Sheet _ChartData
A1: Sample | B1: Time | C1: Force
A2: 제품 | B2: ='Raw Data'!A9 -> 0 | C2: =IF(OR('대시보드'!$A$33="☑",'대시보드'!$A$33=TRUE,'대시보드'!$A$33="TRUE",'대시보드'!$A$33=1),'Raw Data'!B9,NA()) -> -6.62
A3: 제품 | B3: ='Raw Data'!A10 -> 0.0013 | C3: =IF(OR('대시보드'!$A$33="☑",'대시보드'!$A$33=TRUE,'대시보드'!$A$33="TRUE",'대시보드'!$A$33=1),'Raw Data'!B10,NA()) -> -6.84
A4: 제품 | B4: ='Raw Data'!A11 -> 0.0025 | C4: =IF(OR('대시보드'!$A$33="☑",'대시보드'!$A$33=TRUE,'대시보드'!$A$33="TRUE",'대시보드'!$A$33=1),'Raw Data'!B11,NA()) -> -6.69
A5: 제품 | B5: ='Raw Data'!A12 -> 0.0038 | C5: =IF(OR('대시보드'!$A$33="☑",'대시보드'!$A$33=TRUE,'대시보드'!$A$33="TRUE",'대시보드'!$A$33=1),'Raw Data'!B12,NA()) -> -6.62
A6: 제품 | B6: ='Raw Data'!A13 -> 0.005 | C6: =IF(OR('대시보드'!$A$33="☑",'대시보드'!$A$33=TRUE,'대시보드'!$A$33="TRUE",'대시보드'!$A$33=1),'Raw Data'!B13,NA()) -> -6.99
A7: 제품 | B7: ='Raw Data'!A14 -> 0.0063 | C7: =IF(OR('대시보드'!$A$33="☑",'대시보드'!$A$33=TRUE,'대시보드'!$A$33="TRUE",'대시보드'!$A$33=1),'Raw Data'!B14,NA()) -> -6.84
A8: 제품 | B8: ='Raw Data'!A15 -> 0.0075 | C8: =IF(OR('대시보드'!$A$33="☑",'대시보드'!$A$33=TRUE,'대시보드'!$A$33="TRUE",'대시보드'!$A$33=1),'Raw Data'!B15,NA()) -> -7.28
A9: 제품 | B9: ='Raw Data'!A16 -> 0.0088 | C9: =IF(OR('대시보드'!$A$33="☑",'대시보드'!$A$33=TRUE,'대시보드'!$A$33="TRUE",'대시보드'!$A$33=1),'Raw Data'!B16,NA()) -> -6.77
A10: 제품 | B10: ='Raw Data'!A17 -> 0.01 | C10: =IF(OR('대시보드'!$A$33="☑",'대시보드'!$A$33=TRUE,'대시보드'!$A$33="TRUE",'대시보드'!$A$33=1),'Raw Data'!B17,NA()) -> -6.84
A11: 제품 | B11: ='Raw Data'!A18 -> 0.0113 | C11: =IF(OR('대시보드'!$A$33="☑",'대시보드'!$A$33=TRUE,'대시보드'!$A$33="TRUE",'대시보드'!$A$33=1),'Raw Data'!B18,NA()) -> -6.69
A12: 제품 | B12: ='Raw Data'!A19 -> 0.0125 | C12: =IF(OR('대시보드'!$A$33="☑",'대시보드'!$A$33=TRUE,'대시보드'!$A$33="TRUE",'대시보드'!$A$33=1),'Raw Data'!B19,NA()) -> -6.4
A13: 제품 | B13: ='Raw Data'!A20 -> 0.0138 | C13: =IF(OR('대시보드'!$A$33="☑",'대시보드'!$A$33=TRUE,'대시보드'!$A$33="TRUE",'대시보드'!$A$33=1),'Raw Data'!B20,NA()) -> -6.77
... A4801: 제품 | B4801: ='Raw Data'!A4808 -> 6 | C4801: =IF(OR('대시보드'!$A$33="☑",'대시보드'!$A$33=TRUE,'대시보드'!$A$33="TRUE",'대시보드'!$A$33=1),'Raw Data'!B4808,NA()) -> -6.55
